challenge_id,fabric_vintage,category_code,category_code_desc,location_id,location_state,address_primary,city,state,zip_code,zip_code_suffix,unit_count,building_type_code,non_bsl_code,bsl_lacks_address_flag,address_id,latitude,longitude,date_received,withdraw_date,adjudication_status,adjudication_date,adjudication_code,adjudication_code_desc,fabric_response_location_id
237754,2022-06-30,1,Missing Broadband Serviceable Location,,WA,1005 MCDOLE RD,TOUCHET,WA,99360,,1,R,,0,,46.03961854,-118.7259107,2022-10-13,2023-03-14,,,,,
237760,2022-06-30,1,Missing Broadband Serviceable Location,,WA,1351 CUMMINS RD,TOUCHET,WA,99360,,1,R,,0,,46.01416127,-118.6719775,2022-10-13,2023-03-14,,,,,
237764,2022-06-30,1,Missing Broadband Serviceable Location,,WA,155 MORNINGSTAR LN,TOUCHET,WA,99360,,1,R,,0,,46.0216205,-118.5519233,2022-10-13,2023-03-14,,,,,
237765,2022-06-30,1,Missing Broadband Serviceable Location,,WA,16436 STATELINE RD,TOUCHET,WA,99360,,1,R,,0,,46.00102447,-118.6585889,2022-10-13,2023-03-14,,,,,
237766,2022-06-30,1,Missing Broadband Serviceable Location,,WA,190 BADE RD,TOUCHET,WA,99360,,1,R,,0,,46.01811799,-118.711266,2022-10-13,2023-03-14,,,,,
237768,2022-06-30,1,Missing Broadband Serviceable Location,,WA,206 TOUCHET RD,TOUCHET,WA,99360,,1,R,,0,,46.0427817,-118.6691412,2022-10-13,2023-03-14,,,,,
237770,2022-06-30,1,Missing Broadband Serviceable Location,,WA,209 MORNINGSTAR LN,TOUCHET,WA,99360,,1,R,,0,,46.021653,-118.5511175,2022-10-13,2023-03-14,,,,,
237772,2022-06-30,1,Missing Broadband Serviceable Location,,WA,2517 LOWER DRY CREEK RD,WALLA WALLA,WA,99362,,1,R,,0,,46.0826493,-118.5027692,2022-10-13,2023-03-14,,,,,
237773,2022-06-30,1,Missing Broadband Serviceable Location,,WA,2735 GARDENA RD,TOUCHET,WA,99360,,1,R,,0,,46.0163725,-118.6610805,2022-10-13,2023-03-14,,,,,
237774,2022-06-30,1,Missing Broadband Serviceable Location,,WA,282 BADE RD,TOUCHET,WA,99360,,1,R,,0,,46.017343,-118.711356,2022-10-13,2023-03-14,,,,,
237810,2022-06-30,1,Missing Broadband Serviceable Location,,WA,545 SAND PIT RD,TOUCHET,WA,99360,,1,R,,0,,46.02761854,-118.6283694,2022-10-13,2023-03-14,,,,,
237848,2022-06-30,1,Missing Broadband Serviceable Location,,WA,760 MCDONALD RD,WALLA WALLA,WA,99362,,1,R,,0,,46.0429895,-118.5547975,2022-10-13,2023-03-14,,,,,
237849,2022-06-30,1,Missing Broadband Serviceable Location,,WA,803 TOUCHET RD,TOUCHET,WA,99360,,1,R,,0,,46.05208225,-118.6691006,2022-10-13,2023-03-14,,,,,
