challenge_id,fabric_vintage,category_code,category_code_desc,location_id,location_state,address_primary,city,state,zip_code,zip_code_suffix,unit_count,building_type_code,non_bsl_code,bsl_lacks_address_flag,address_id,latitude,longitude,date_received,withdraw_date,adjudication_status,adjudication_date,adjudication_code,adjudication_code_desc,fabric_response_location_id
18574001,2022-06-30,1,Missing Broadband Serviceable Location,,WA,16031 Lewis River Rd,Cougar,WA,98616,,1,R,,0,,46.040820,-122.309197,2022-11-30,2022-11-30,,,,,
18574002,2022-06-30,1,Missing Broadband Serviceable Location,,WA,16031 Lewis River Rd Spc 1,Cougar,WA,98616,,1,R,,0,,46.040821,-122.309197,2022-11-30,2022-11-30,,,,,
18574003,2022-06-30,1,Missing Broadband Serviceable Location,,WA,16031 Lewis River Rd Spc 2,Cougar,WA,98616,,1,R,,0,,46.040821,-122.309197,2022-11-30,2022-11-30,,,,,
18574004,2022-06-30,1,Missing Broadband Serviceable Location,,WA,16031 Lewis River Rd Spc 3,Cougar,WA,98616,,1,R,,0,,46.040821,-122.309197,2022-11-30,2022-11-30,,,,,
